{
    "(3, 0, 3, 1)": [
        1.060237293285715,
        1.0731777886484848
    ],
    "(2, 0, 3, 1)": [
        0.8807542100161388,
        0.8286818809872635
    ],
    "(2, 0, 3, 0)": [
        0.2997001,
        0.12967030990000003
    ],
    "(1, 0, 3, 0)": [
        0.9854406870497193,
        0.9407458628466471
    ],
    "(0, 0, 3, 0)": [
        0.6093278066928534,
        -16.773378465066294
    ],
    "(4, 0, 0, 0)": [
        0,
        0.2997001
    ],
    "(3, 0, 4, 1)": [
        0.5088614588605098,
        0.24037728442719047
    ],
    "(2, 0, 4, 1)": [
        0.32737358881,
        0.19990000000000002
    ],
    "(2, 0, 4, 0)": [
        0.19990000000000002,
        0
    ],
    "(1, 0, 4, 0)": [
        0.2187971299,
        0.4021505528542399
    ],
    "(0, 0, 4, 0)": [
        0.40214007529219004,
        -9.755347061546075
    ]
}