{
    "(3, 0, 3, 1)": [
        37.316416083723205,
        60.99462831780116
    ],
    "(2, 0, 3, 1)": [
        54.03954160126248,
        53.0054644267659
    ],
    "(2, 0, 3, 0)": [
        33.44913448643446,
        14.151749314630313
    ],
    "(1, 0, 3, 0)": [
        52.54368667360531,
        54.08506713138316
    ],
    "(0, 0, 3, 0)": [
        -581.9334564601518,
        -580.4929282966511
    ],
    "(4, 0, 0, 0)": [
        0,
        29.895108705230495
    ],
    "(3, 0, 4, 1)": [
        42.91070166884635,
        58.081158816639075
    ],
    "(2, 0, 4, 1)": [
        39.85117352931697,
        58.415338163075965
    ],
    "(2, 0, 4, 0)": [
        0.1099,
        0.1
    ],
    "(1, 0, 4, 0)": [
        66.64833341129699,
        64.78740571984143
    ],
    "(0, 0, 4, 0)": [
        -552.1152014069432,
        -557.2578201304328
    ],
    "(3, 0, 2, 1)": [
        16.920330659195933,
        12.309666582069095
    ],
    "(2, 0, 2, 1)": [
        7.968707204106164,
        0.5055836636260371
    ],
    "(2, 0, 2, 0)": [
        27.470037073497597,
        19.34227019964106
    ],
    "(1, 0, 2, 0)": [
        -79.04406929299914,
        -78.55948909824059
    ],
    "(0, 0, 2, 0)": [
        -19.643340332092983,
        -9.4913980014994
    ],
    "(3, 0, 5, 1)": [
        3.0821848855683447,
        10.868514236564788
    ],
    "(2, 0, 5, 1)": [
        1.1494578256729135,
        11.224505747140759
    ],
    "(1, 0, 5, 0)": [
        3.639230582308489,
        10.779293530094883
    ],
    "(0, 0, 5, 0)": [
        -90.97127963558816,
        -84.70488285834786
    ],
    "(3, 0, 2, 0)": [
        0.0504787995190322,
        0.6487407278212312
    ],
    "(4, 0, 2, 0)": [
        -27.1,
        0
    ],
    "(2, 0, 2, -1)": [
        0.1,
        0
    ],
    "(2, 0, 3, 2)": [
        0.4990009995001,
        0
    ],
    "(3, 0, 3, 2)": [
        0.6979034965020994,
        0
    ],
    "(4, 0, 3, 2)": [
        0.4990009995001,
        0
    ],
    "(5, 0, 3, 1)": [
        0.4990009995001,
        0
    ],
    "(6, 0, 3, 1)": [
        0.4990009995001,
        0
    ],
    "(7, 0, 3, 1)": [
        -9.501498001499401,
        0
    ]
}