{
    "(3, 3, 1)": [
        45.48057170506387,
        45.49579542663937
    ],
    "(2, 3, 1)": [
        44.66222917105446,
        44.700536796610486
    ],
    "(2, 3, 0)": [
        12.384598550439954,
        12.482087307446982
    ],
    "(1, 3, 0)": [
        45.05413426293052,
        45.03857332092821
    ],
    "(0, 3, 0)": [
        -42.276041298499024,
        -62.43948947619424
    ],
    "(4, 0, 0)": [
        0,
        31.6268598783467
    ],
    "(3, 4, 1)": [
        39.20367334087697,
        39.17169932933691
    ],
    "(2, 4, 1)": [
        38.763524410866026,
        38.73140173158191
    ],
    "(2, 4, 0)": [
        7.576968537838705,
        11.819121707301191
    ],
    "(1, 4, 0)": [
        38.88121006490548,
        38.84538859309491
    ],
    "(0, 4, 0)": [
        -1.229500578552142,
        -25.043609865162033
    ],
    "(3, 2, 1)": [
        5.666338852472149,
        5.6150787806684725
    ],
    "(2, 2, 1)": [
        5.466321090650858,
        5.414961099976472
    ],
    "(2, 2, 0)": [
        0.20979009999999998,
        1.5987738544108736
    ],
    "(1, 2, 0)": [
        5.564887245323846,
        5.536008064966904
    ],
    "(0, 2, 0)": [
        -9.262597340166447,
        -29.970906758843775
    ],
    "(3, 5, 1)": [
        5.54961693067345,
        5.499893481591782
    ],
    "(2, 5, 1)": [
        5.5649183112232485,
        5.515223856195506
    ],
    "(2, 5, 0)": [
        0.32737358881,
        1.5034886357062693
    ],
    "(1, 5, 0)": [
        5.5073400438292195,
        5.5777892666977475
    ],
    "(0, 5, 0)": [
        -15.757934122041352,
        1.3909363000999002
    ]
}