{"(393.1, 201.6, 323.6377579541981, 167.20000000000002)": [0, 0], "(377.70000000000005, 201.6, 323.6377579541981, 161.6)": [0, 0], "(363.40000000000003, 201.6, 323.6377579541981, 155.99999999999997)": [0, 0], "(350.20000000000005, 201.6, 323.6377579541981, 150.39999999999995)": [0, 0], "(338.1, 201.6, 323.6377579541981, 144.79999999999993)": [0, 0], "(327.1, 201.6, 323.6377579541981, 139.1999999999999)": [0, 0], "(317.20000000000005, 201.6, 323.6377579541981, 133.59999999999988)": [0, 0], "(308.40000000000003, 201.6, 323.6377579541981, 127.99999999999986)": [0, 0], "(300.70000000000005, 201.6, 323.6377579541981, 122.39999999999984)": [0, 0], "(294.1, 201.6, 323.6377579541981, 116.79999999999981)": [0, 0], "(288.6, 201.6, 323.6377579541981, 111.19999999999979)": [0, 0], "(284.20000000000005, 201.6, 323.6377579541981, 105.59999999999977)": [0, 0], "(280.90000000000003, 201.6, 323.6377579541981, 99.99999999999974)": [0, 0], "(278.70000000000005, 201.6, 323.6377579541981, 94.39999999999972)": [0, 0], "(277.6, 201.6, 323.6377579541981, 88.7999999999997)": [0, 0], "(277.6, 201.6, 323.6377579541981, 83.19999999999968)": [0, 0], "(278.70000000000005, 201.6, 323.6377579541981, 77.59999999999965)": [0, 0], "(280.90000000000003, 201.6, 323.6377579541981, 71.99999999999963)": [0, 0], "(284.20000000000005, 201.6, 323.6377579541981, 66.39999999999961)": [0, 0], "(288.6, 201.6, 323.6377579541981, 60.799999999999585)": [0, 0], "(272.1, 201.6, 323.6377579541981, 55.19999999999956)": [0, 0], "(256.70000000000005, 201.6, 323.6377579541981, 49.59999999999957)": [0, 0], "(242.40000000000003, 201.6, 323.6377579541981, 43.999999999999574)": [0, 0], "(229.20000000000005, 201.6, 323.6377579541981, 38.39999999999958)": [0, 0], "(217.10000000000005, 201.6, 323.6377579541981, 32.799999999999585)": [0, 0], "(206.10000000000005, 201.6, 323.6377579541981, 27.19999999999959)": [0, 0], "(196.20000000000005, 201.6, 323.6377579541981, 21.599999999999596)": [0, 0], "(411.19829387938347, 201.6, None, None)": [0, 0], "(393.1, 201.6, 467.97577558253175, 167.20000000000002)": [0, 0], "(377.70000000000005, 201.6, 467.97577558253175, 161.6)": [0, 0], "(363.40000000000003, 201.6, 467.97577558253175, 155.99999999999997)": [0, 0], "(350.20000000000005, 201.6, 467.97577558253175, 150.39999999999995)": [0, 0], "(338.1, 201.6, 467.97577558253175, 144.79999999999993)": [0, 0], "(327.1, 201.6, 467.97577558253175, 139.1999999999999)": [0, 0], "(317.20000000000005, 201.6, 467.97577558253175, 133.59999999999988)": [0, 0], "(308.40000000000003, 201.6, 467.97577558253175, 127.99999999999986)": [0, 0], "(300.70000000000005, 201.6, 467.97577558253175, 122.39999999999984)": [0, 0], "(294.1, 201.6, 467.97577558253175, 116.79999999999981)": [0, 0], "(288.6, 201.6, 467.97577558253175, 111.19999999999979)": [0, 0], "(284.20000000000005, 201.6, 467.97577558253175, 105.59999999999977)": [0, 0], "(280.90000000000003, 201.6, 467.97577558253175, 99.99999999999974)": [0, 0], "(278.70000000000005, 201.6, 467.97577558253175, 94.39999999999972)": [0, 0], "(277.6, 201.6, 467.97577558253175, 88.7999999999997)": [0, 0], "(277.6, 201.6, 467.97577558253175, 83.19999999999968)": [0, 0], "(278.70000000000005, 201.6, 467.97577558253175, 77.59999999999965)": [0, 0], "(280.90000000000003, 201.6, 467.97577558253175, 71.99999999999963)": [0, 0], "(284.20000000000005, 201.6, 467.97577558253175, 66.39999999999961)": [0, 0], "(288.6, 201.6, 467.97577558253175, 60.799999999999585)": [0, 0], "(294.1, 201.6, 467.97577558253175, 55.19999999999956)": [0, 0], "(300.70000000000005, 201.6, 467.97577558253175, 49.59999999999957)": [0, 0], "(308.40000000000003, 201.6, 467.97577558253175, 43.999999999999574)": [0, 0], "(317.20000000000005, 201.6, 467.97577558253175, 38.39999999999958)": [0, 0], "(327.1, 201.6, 467.97577558253175, 32.799999999999585)": [0, 0], "(338.1, 201.6, 467.97577558253175, 27.19999999999959)": [0, 0], "(350.20000000000005, 201.6, 467.97577558253175, 21.599999999999596)": [0, 0], "(363.40000000000003, 201.6, 467.97577558253175, 15.999999999999602)": [0, 0], "(377.70000000000005, 201.6, 467.97577558253175, 10.399999999999608)": [0, 0], "(393.1, 201.6, 467.97577558253175, 4.7999999999996135)": [0, 0], "(409.6, 201.6, 467.97577558253175, -0.8000000000003809)": [0, 0], "(427.20000000000005, 201.6, 467.97577558253175, -6.400000000000375)": [0, 0], "(445.90000000000003, 201.6, 467.97577558253175, -12.00000000000037)": [0, 0], "(464.90000000000003, 201.6, 467.97577558253175, -17.600000000000364)": [0, 0], "(483.90000000000003, 201.6, 467.97577558253175, -23.200000000000358)": [0, 0], "(502.90000000000003, 201.6, 467.97577558253175, -28.800000000000352)": [0, 0], "(521.9000000000001, 201.6, 467.97577558253175, -34.40000000000035)": [0, 0], "(540.9000000000001, 201.6, 467.97577558253175, -40.00000000000034)": [0, 0], "(559.9000000000001, 201.6, 467.97577558253175, -45.600000000000335)": [0, 0], "(578.9000000000001, 201.6, 467.97577558253175, -51.20000000000033)": [0, 0], "(597.9000000000001, 201.6, 467.97577558253175, -56.800000000000324)": [0, 0], "(393.1, 201.6, 463.8382634883129, 167.20000000000002)": [0, 0], "(377.70000000000005, 201.6, 463.8382634883129, 161.6)": [0, 0], "(363.40000000000003, 201.6, 463.8382634883129, 155.99999999999997)": [0, 0], "(350.20000000000005, 201.6, 463.8382634883129, 150.39999999999995)": [0, 0], "(338.1, 201.6, 463.8382634883129, 144.79999999999993)": [0, 0], "(327.1, 201.6, 463.8382634883129, 139.1999999999999)": [0, 0], "(317.20000000000005, 201.6, 463.8382634883129, 133.59999999999988)": [0, 0], "(308.40000000000003, 201.6, 463.8382634883129, 127.99999999999986)": [0, 0], "(300.70000000000005, 201.6, 463.8382634883129, 122.39999999999984)": [0, 0], "(294.1, 201.6, 463.8382634883129, 116.79999999999981)": [0, 0], "(288.6, 201.6, 463.8382634883129, 111.19999999999979)": [0, 0], "(284.20000000000005, 201.6, 463.8382634883129, 105.59999999999977)": [0, 0], "(280.90000000000003, 201.6, 463.8382634883129, 99.99999999999974)": [0, 0], "(278.70000000000005, 201.6, 463.8382634883129, 94.39999999999972)": [0, 0], "(277.6, 201.6, 463.8382634883129, 88.7999999999997)": [0, 0], "(277.6, 201.6, 463.8382634883129, 83.19999999999968)": [0, 0], "(278.70000000000005, 201.6, 463.8382634883129, 77.59999999999965)": [0, 0], "(280.90000000000003, 201.6, 463.8382634883129, 71.99999999999963)": [0, 0], "(284.20000000000005, 201.6, 463.8382634883129, 66.39999999999961)": [0, 0], "(288.6, 201.6, 463.8382634883129, 60.799999999999585)": [0, 0], "(294.1, 201.6, 463.8382634883129, 55.19999999999956)": [0, 0], "(300.70000000000005, 201.6, 463.8382634883129, 49.59999999999957)": [0, 0], "(308.40000000000003, 201.6, 463.8382634883129, 43.999999999999574)": [0, 0], "(317.20000000000005, 201.6, 463.8382634883129, 38.39999999999958)": [0, 0], "(327.1, 201.6, 463.8382634883129, 32.799999999999585)": [0, 0], "(338.1, 201.6, 463.8382634883129, 27.19999999999959)": [0, 0], "(350.20000000000005, 201.6, 463.8382634883129, 21.599999999999596)": [0, 0], "(363.40000000000003, 201.6, 463.8382634883129, 15.999999999999602)": [0, 0], "(377.70000000000005, 201.6, 463.8382634883129, 10.399999999999608)": [0, 0], "(393.1, 201.6, 463.8382634883129, 4.7999999999996135)": [0, 0], "(409.6, 201.6, 463.8382634883129, -0.8000000000003809)": [0, 0]}