{
    "(3, 3, 1)": [
        0.7077442448042477,
        0.7049224618398899
    ],
    "(2, 3, 1)": [
        0.641884896692655,
        0.5156358026464665
    ],
    "(2, 3, 0)": [
        0.1,
        0.1099
    ],
    "(1, 3, 0)": [
        0.6350601162885801,
        0.7505751206321452
    ],
    "(0, 3, 0)": [
        -8.605541414427028,
        0.22760119
    ],
    "(4, 0, 0)": [
        0,
        0.2997001
    ],
    "(3, 4, 1)": [
        0.41923682024071257,
        0.3105584506801
    ],
    "(2, 4, 1)": [
        0.24637358881000004,
        0.2997001
    ],
    "(2, 4, 0)": [
        0.1,
        0
    ],
    "(1, 4, 0)": [
        0.4352411845019268,
        0.3006792199
    ],
    "(0, 4, 0)": [
        -9.773139735509849,
        0.3024530058601
    ],
    "(3, 5, 1)": [
        0.44306016624019007,
        0.2997001
    ],
    "(2, 5, 1)": [
        0.3096772427701,
        0.2107692199
    ],
    "(2, 5, 0)": [
        0.1,
        0
    ],
    "(1, 5, 0)": [
        0.3024530058601,
        0.3268602644901499
    ],
    "(0, 5, 0)": [
        0.26512721522119,
        -9.6009990004999
    ]
}