{
    "(393.1, 201.6, 483.84990743372146, 167.20000000000002)": [
        0,
        0
    ],
    "(377.70000000000005, 201.6, 483.84990743372146, 161.6)": [
        0,
        0
    ],
    "(363.40000000000003, 201.6, 483.84990743372146, 155.99999999999997)": [
        0,
        0
    ],
    "(350.20000000000005, 201.6, 483.84990743372146, 150.39999999999995)": [
        0,
        0
    ],
    "(338.1, 201.6, 483.84990743372146, 144.79999999999993)": [
        0,
        0
    ],
    "(327.1, 201.6, 483.84990743372146, 139.1999999999999)": [
        0,
        0
    ],
    "(317.20000000000005, 201.6, 483.84990743372146, 133.59999999999988)": [
        0,
        0
    ],
    "(308.40000000000003, 201.6, 483.84990743372146, 127.99999999999986)": [
        0,
        0
    ],
    "(300.70000000000005, 201.6, 483.84990743372146, 122.39999999999984)": [
        0,
        0
    ],
    "(294.1, 201.6, 483.84990743372146, 116.79999999999981)": [
        0,
        0
    ],
    "(288.6, 201.6, 483.84990743372146, 111.19999999999979)": [
        0,
        0
    ],
    "(284.20000000000005, 201.6, 483.84990743372146, 105.59999999999977)": [
        0,
        0
    ],
    "(267.70000000000005, 201.6, 483.84990743372146, 99.99999999999974)": [
        0,
        0
    ],
    "(252.30000000000004, 201.6, 483.84990743372146, 94.39999999999972)": [
        0,
        0
    ],
    "(238.00000000000003, 201.6, 483.84990743372146, 88.7999999999997)": [
        0,
        0
    ],
    "(224.80000000000004, 201.6, 483.84990743372146, 83.19999999999968)": [
        0,
        0
    ],
    "(212.70000000000005, 201.6, 483.84990743372146, 77.59999999999965)": [
        0,
        0
    ],
    "(201.70000000000005, 201.6, 483.84990743372146, 71.99999999999963)": [
        0,
        0
    ],
    "(191.80000000000004, 201.6, 483.84990743372146, 66.39999999999961)": [
        0,
        0
    ],
    "(183.00000000000003, 201.6, 483.84990743372146, 60.799999999999585)": [
        0,
        0
    ],
    "(175.3, 201.6, 483.84990743372146, 55.19999999999956)": [
        0,
        0
    ],
    "(168.70000000000002, 201.6, 483.84990743372146, 49.59999999999957)": [
        0,
        0
    ],
    "(163.20000000000002, 201.6, 483.84990743372146, 43.999999999999574)": [
        0,
        0
    ],
    "(158.8, 201.6, 483.84990743372146, 38.39999999999958)": [
        0,
        0
    ],
    "(155.5, 201.6, 483.84990743372146, 32.799999999999585)": [
        0,
        0
    ],
    "(153.29999999999998, 201.6, 483.84990743372146, 27.19999999999959)": [
        0,
        0
    ],
    "(152.2, 201.6, 483.84990743372146, 21.599999999999596)": [
        0,
        0
    ],
    "(411.19829387938347, 201.6, None, None)": [
        0,
        0
    ],
    "(393.1, 201.6, 493.7838371153788, 167.20000000000002)": [
        0,
        0
    ],
    "(377.70000000000005, 201.6, 493.7838371153788, 161.6)": [
        0,
        0
    ],
    "(363.40000000000003, 201.6, 493.7838371153788, 155.99999999999997)": [
        0,
        0
    ],
    "(350.20000000000005, 201.6, 493.7838371153788, 150.39999999999995)": [
        0,
        0
    ],
    "(338.1, 201.6, 493.7838371153788, 144.79999999999993)": [
        0,
        0
    ],
    "(327.1, 201.6, 493.7838371153788, 139.1999999999999)": [
        0,
        0
    ],
    "(317.20000000000005, 201.6, 493.7838371153788, 133.59999999999988)": [
        0,
        0
    ],
    "(308.40000000000003, 201.6, 493.7838371153788, 127.99999999999986)": [
        0,
        0
    ],
    "(291.90000000000003, 201.6, 493.7838371153788, 122.39999999999984)": [
        0,
        0
    ],
    "(276.50000000000006, 201.6, 493.7838371153788, 116.79999999999981)": [
        0,
        0
    ],
    "(262.20000000000005, 201.6, 493.7838371153788, 111.19999999999979)": [
        0,
        0
    ],
    "(249.00000000000006, 201.6, 493.7838371153788, 105.59999999999977)": [
        0,
        0
    ],
    "(236.90000000000006, 201.6, 493.7838371153788, 99.99999999999974)": [
        0,
        0
    ],
    "(225.90000000000006, 201.6, 493.7838371153788, 94.39999999999972)": [
        0,
        0
    ],
    "(216.00000000000006, 201.6, 493.7838371153788, 88.7999999999997)": [
        0,
        0
    ],
    "(207.20000000000005, 201.6, 493.7838371153788, 83.19999999999968)": [
        0,
        0
    ],
    "(199.50000000000006, 201.6, 493.7838371153788, 77.59999999999965)": [
        0,
        0
    ],
    "(192.90000000000006, 201.6, 493.7838371153788, 71.99999999999963)": [
        0,
        0
    ],
    "(187.40000000000006, 201.6, 493.7838371153788, 66.39999999999961)": [
        0,
        0
    ],
    "(170.90000000000006, 201.6, 493.7838371153788, 60.799999999999585)": [
        0,
        0
    ],
    "(155.50000000000006, 201.6, 493.7838371153788, 55.19999999999956)": [
        0,
        0
    ],
    "(141.20000000000005, 201.6, 493.7838371153788, 49.59999999999957)": [
        0,
        0
    ],
    "(128.00000000000006, 201.6, 493.7838371153788, 43.999999999999574)": [
        0,
        0
    ],
    "(115.90000000000006, 201.6, 493.7838371153788, 38.39999999999958)": [
        0,
        0
    ],
    "(104.90000000000006, 201.6, 493.7838371153788, 32.799999999999585)": [
        0,
        0
    ],
    "(95.00000000000006, 201.6, 493.7838371153788, 27.19999999999959)": [
        0,
        0
    ],
    "(86.20000000000006, 201.6, 493.7838371153788, 21.599999999999596)": [
        0,
        0
    ],
    "(393.1, 201.6, 455.2896733610634, 167.20000000000002)": [
        0,
        0
    ],
    "(377.70000000000005, 201.6, 455.2896733610634, 161.6)": [
        0,
        0
    ],
    "(363.40000000000003, 201.6, 455.2896733610634, 155.99999999999997)": [
        0,
        0
    ],
    "(350.20000000000005, 201.6, 455.2896733610634, 150.39999999999995)": [
        0,
        0
    ],
    "(338.1, 201.6, 455.2896733610634, 144.79999999999993)": [
        0,
        0
    ],
    "(327.1, 201.6, 455.2896733610634, 139.1999999999999)": [
        0,
        0
    ],
    "(317.20000000000005, 201.6, 455.2896733610634, 133.59999999999988)": [
        0,
        0
    ],
    "(308.40000000000003, 201.6, 455.2896733610634, 127.99999999999986)": [
        0,
        0
    ],
    "(300.70000000000005, 201.6, 455.2896733610634, 122.39999999999984)": [
        0,
        0
    ],
    "(294.1, 201.6, 455.2896733610634, 116.79999999999981)": [
        0,
        0
    ],
    "(288.6, 201.6, 455.2896733610634, 111.19999999999979)": [
        0,
        0
    ],
    "(284.20000000000005, 201.6, 455.2896733610634, 105.59999999999977)": [
        0,
        0
    ],
    "(280.90000000000003, 201.6, 455.2896733610634, 99.99999999999974)": [
        0,
        0
    ],
    "(278.70000000000005, 201.6, 455.2896733610634, 94.39999999999972)": [
        0,
        0
    ],
    "(277.6, 201.6, 455.2896733610634, 88.7999999999997)": [
        0,
        0
    ],
    "(277.6, 201.6, 455.2896733610634, 83.19999999999968)": [
        0,
        0
    ],
    "(278.70000000000005, 201.6, 455.2896733610634, 77.59999999999965)": [
        0,
        0
    ],
    "(280.90000000000003, 201.6, 455.2896733610634, 71.99999999999963)": [
        0,
        0
    ],
    "(284.20000000000005, 201.6, 455.2896733610634, 66.39999999999961)": [
        0,
        0
    ],
    "(288.6, 201.6, 455.2896733610634, 60.799999999999585)": [
        0,
        0
    ],
    "(294.1, 201.6, 455.2896733610634, 55.19999999999956)": [
        0,
        0
    ],
    "(300.70000000000005, 201.6, 455.2896733610634, 49.59999999999957)": [
        0,
        0
    ],
    "(308.40000000000003, 201.6, 455.2896733610634, 43.999999999999574)": [
        0,
        0
    ],
    "(317.20000000000005, 201.6, 455.2896733610634, 38.39999999999958)": [
        0,
        0
    ],
    "(327.1, 201.6, 455.2896733610634, 32.799999999999585)": [
        0,
        0
    ],