{
    "(3, 4, 1)": [
        42.07680851252116,
        42.046316752756375
    ],
    "(2, 4, 1)": [
        41.652843270110885,
        41.6293705639955
    ],
    "(2, 4, 0)": [
        6.395402500756731,
        13.53630795795048
    ],
    "(1, 4, 0)": [
        41.865677100420534,
        41.89627134527975
    ],
    "(0, 4, 0)": [
        -16.193758933203863,
        -27.17409610069601
    ],
    "(4, 0, 0)": [
        0,
        31.695233018468354
    ],
    "(3, 5, 1)": [
        6.780002858280381,
        6.8062084831885965
    ],
    "(2, 5, 1)": [
        6.669842134762152,
        6.72235553251452
    ],
    "(2, 5, 0)": [
        0.38709188293877717,
        1.990827100391689
    ],
    "(1, 5, 0)": [
        6.706539413181815,
        6.754207753599894
    ],
    "(0, 5, 0)": [
        2.5774139589097533,
        -21.2512166410681
    ],
    "(3, 3, 1)": [
        42.02807192157996,
        41.99722361103756
    ],
    "(2, 3, 1)": [
        41.93719352607669,
        41.906611781279345
    ],
    "(2, 3, 0)": [
        5.032292938417042,
        13.669447115630817
    ],
    "(1, 3, 0)": [
        41.98358450222788,
        42.02201044670251
    ],
    "(0, 3, 0)": [
        -78.6035985810004,
        -90.94005233037711
    ],
    "(3, 2, 1)": [
        5.327076653306337,
        5.264374640937865
    ],
    "(2, 2, 1)": [
        5.209623283517931,
        5.1667599646702795
    ],
    "(2, 2, 0)": [
        0.1,
        1.597808353444984
    ],
    "(1, 2, 0)": [
        5.263790036477792,
        5.237122197994479
    ],
    "(0, 2, 0)": [
        0.5178414946828926,
        -20.75328394645942
    ]
}