{"(393.1, 201.6, 310.4708366593382, 167.20000000000002)": [0, 0], "(377.70000000000005, 201.6, 310.4708366593382, 161.6)": [0, 0], "(363.40000000000003, 201.6, 310.4708366593382, 155.99999999999997)": [0, 0], "(350.20000000000005, 201.6, 310.4708366593382, 150.39999999999995)": [0, 0], "(338.1, 201.6, 310.4708366593382, 144.79999999999993)": [0, 0], "(327.1, 201.6, 310.4708366593382, 139.1999999999999)": [0, 0], "(317.20000000000005, 201.6, 310.4708366593382, 133.59999999999988)": [0, 0], "(308.40000000000003, 201.6, 310.4708366593382, 127.99999999999986)": [0, 0], "(300.70000000000005, 201.6, 310.4708366593382, 122.39999999999984)": [0, 0], "(294.1, 201.6, 310.4708366593382, 116.79999999999981)": [0, 0], "(288.6, 201.6, 310.4708366593382, 111.19999999999979)": [0, 0], "(284.20000000000005, 201.6, 310.4708366593382, 105.59999999999977)": [0, 0], "(280.90000000000003, 201.6, 310.4708366593382, 99.99999999999974)": [0, 0], "(278.70000000000005, 201.6, 310.4708366593382, 94.39999999999972)": [0, 0], "(262.20000000000005, 201.6, 310.4708366593382, 88.7999999999997)": [0, 0], "(246.80000000000004, 201.6, 310.4708366593382, 83.19999999999968)": [0, 0], "(232.50000000000003, 201.6, 310.4708366593382, 77.59999999999965)": [0, 0], "(219.30000000000004, 201.6, 310.4708366593382, 71.99999999999963)": [0, 0], "(207.20000000000005, 201.6, 310.4708366593382, 66.39999999999961)": [0, 0], "(196.20000000000005, 201.6, 310.4708366593382, 60.799999999999585)": [0, 0], "(186.30000000000004, 201.6, 310.4708366593382, 55.19999999999956)": [0, 0], "(177.50000000000003, 201.6, 310.4708366593382, 49.59999999999957)": [0, 0], "(169.8, 201.6, 310.4708366593382, 43.999999999999574)": [0, 0], "(163.20000000000002, 201.6, 310.4708366593382, 38.39999999999958)": [0, 0], "(157.70000000000002, 201.6, 310.4708366593382, 32.799999999999585)": [0, 0], "(153.3, 201.6, 310.4708366593382, 27.19999999999959)": [0, 0], "(150.0, 201.6, 310.4708366593382, 21.599999999999596)": [0, 0], "(411.19829387938347, 201.6, None, None)": [0, 0], "(393.1, 201.6, 430.17022884233387, 167.20000000000002)": [0, 0], "(377.70000000000005, 201.6, 430.17022884233387, 161.6)": [0, 0], "(363.40000000000003, 201.6, 430.17022884233387, 155.99999999999997)": [0, 0], "(350.20000000000005, 201.6, 430.17022884233387, 150.39999999999995)": [0, 0], "(338.1, 201.6, 430.17022884233387, 144.79999999999993)": [0, 0], "(327.1, 201.6, 430.17022884233387, 139.1999999999999)": [0, 0], "(317.20000000000005, 201.6, 430.17022884233387, 133.59999999999988)": [0, 0], "(308.40000000000003, 201.6, 430.17022884233387, 127.99999999999986)": [0, 0], "(300.70000000000005, 201.6, 430.17022884233387, 122.39999999999984)": [0, 0], "(294.1, 201.6, 430.17022884233387, 116.79999999999981)": [0, 0], "(288.6, 201.6, 430.17022884233387, 111.19999999999979)": [0, 0], "(284.20000000000005, 201.6, 430.17022884233387, 105.59999999999977)": [0, 0], "(280.90000000000003, 201.6, 430.17022884233387, 99.99999999999974)": [0, 0], "(278.70000000000005, 201.6, 430.17022884233387, 94.39999999999972)": [0, 0], "(277.6, 201.6, 430.17022884233387, 88.7999999999997)": [0, 0], "(277.6, 201.6, 430.17022884233387, 83.19999999999968)": [0, 0], "(278.70000000000005, 201.6, 430.17022884233387, 77.59999999999965)": [0, 0], "(280.90000000000003, 201.6, 430.17022884233387, 71.99999999999963)": [0, 0], "(284.20000000000005, 201.6, 430.17022884233387, 66.39999999999961)": [0, 0], "(288.6, 201.6, 430.17022884233387, 60.799999999999585)": [0, 0], "(294.1, 201.6, 430.17022884233387, 55.19999999999956)": [0, 0], "(300.70000000000005, 201.6, 430.17022884233387, 49.59999999999957)": [0, 0], "(308.40000000000003, 201.6, 430.17022884233387, 43.999999999999574)": [0, 0], "(317.20000000000005, 201.6, 430.17022884233387, 38.39999999999958)": [0, 0], "(327.1, 201.6, 430.17022884233387, 32.799999999999585)": [0, 0], "(338.1, 201.6, 430.17022884233387, 27.19999999999959)": [0, 0], "(350.20000000000005, 201.6, 430.17022884233387, 21.599999999999596)": [0, 0], "(363.40000000000003, 201.6, 430.17022884233387, 15.999999999999602)": [0, 0], "(377.70000000000005, 201.6, 430.17022884233387, 10.399999999999608)": [0, 0], "(393.1, 201.6, 430.17022884233387, 4.7999999999996135)": [0, 0], "(409.6, 201.6, 430.17022884233387, -0.8000000000003809)": [0, 0], "(427.20000000000005, 201.6, 430.17022884233387, -6.400000000000375)": [0, 0], "(445.90000000000003, 201.6, 430.17022884233387, -12.00000000000037)": [0, 0], "(464.90000000000003, 201.6, 430.17022884233387, -17.600000000000364)": [0, 0], "(483.90000000000003, 201.6, 430.17022884233387, -23.200000000000358)": [0, 0], "(502.90000000000003, 201.6, 430.17022884233387, -28.800000000000352)": [0, 0], "(521.9000000000001, 201.6, 430.17022884233387, -34.40000000000035)": [0, 0], "(540.9000000000001, 201.6, 430.17022884233387, -40.00000000000034)": [0, 0], "(559.9000000000001, 201.6, 430.17022884233387, -45.600000000000335)": [0, 0], "(393.1, 201.6, 320.6109996712021, 167.20000000000002)": [0, 0], "(377.70000000000005, 201.6, 320.6109996712021, 161.6)": [0, 0], "(363.40000000000003, 201.6, 320.6109996712021, 155.99999999999997)": [0, 0], "(350.20000000000005, 201.6, 320.6109996712021, 150.39999999999995)": [0, 0], "(338.1, 201.6, 320.6109996712021, 144.79999999999993)": [0, 0], "(327.1, 201.6, 320.6109996712021, 139.1999999999999)": [0, 0], "(317.20000000000005, 201.6, 320.6109996712021, 133.59999999999988)": [0, 0], "(308.40000000000003, 201.6, 320.6109996712021, 127.99999999999986)": [0, 0], "(291.90000000000003, 201.6, 320.6109996712021, 122.39999999999984)": [0, 0], "(276.50000000000006, 201.6, 320.6109996712021, 116.79999999999981)": [0, 0], "(262.20000000000005, 201.6, 320.6109996712021, 111.19999999999979)": [0, 0], "(249.00000000000006, 201.6, 320.6109996712021, 105.59999999999977)": [0, 0], "(236.90000000000006, 201.6, 320.6109996712021, 99.99999999999974)": [0, 0], "(225.90000000000006, 201.6, 320.6109996712021, 94.39999999999972)": [0, 0], "(216.00000000000006, 201.6, 320.6109996712021, 88.7999999999997)": [0, 0], "(207.20000000000005, 201.6, 320.6109996712021, 83.19999999999968)": [0, 0], "(199.50000000000006, 201.6, 320.6109996712021, 77.59999999999965)": [0, 0], "(192.90000000000006, 201.6, 320.6109996712021, 71.99999999999963)": [0, 0], "(187.40000000000006, 201.6, 320.6109996712021, 66.39999999999961)": [0, 0], "(183.00000000000006, 201.6, 320.6109996712021, 60.799999999999585)": [0, 0], "(179.70000000000005, 201.6, 320.6109996712021, 55.19999999999956)": [0, 0], "(177.50000000000003, 201.6, 320.6109996712021, 49.59999999999957)": [0, 0], "(176.40000000000003, 201.6, 320.6109996712021, 43.999999999999574)": [0, 0], "(176.40000000000003, 201.6, 320.6109996712021, 38.39999999999958)": [0, 0], "(177.50000000000003, 201.6, 320.6109996712021, 32.799999999999585)": [0, 0], "(179.70000000000002, 201.6, 320.6109996712021, 27.19999999999959)": [0, 0], "(183.0, 201.6, 320.6109996712021, 21.599999999999596)": [0, 0], "(393.1, 201.6, 381.36374597563974, 167.20000000000002)": [0, 0], "(377.70000000000005, 201.6, 381.36374597563974, 161.6)": [0, 0], "(363.40000000000003, 201.6, 381.36374597563974, 155.99999999999997)": [0, 0], "(350.20000000000005, 201.6, 381.36374597563974, 150.39999999999995)": [0, 0], "(338.1, 201.6, 381.36374597563974, 144.79999999999993)": [0, 0]}