{
    "(3, 4, 1)": [
        1.058964284150107,
        1.0455219857910814
    ],
    "(2, 4, 1)": [
        0.906398312706277,
        0.8279118703049542
    ],
    "(2, 4, 0)": [
        0.1099,
        0.1
    ],
    "(1, 4, 0)": [
        0.9416005384653924,
        1.2922285286285287
    ],
    "(0, 4, 0)": [
        -15.748603247648344,
        0.8964083874125917
    ],
    "(4, 0, 0)": [
        0,
        0.2997001
    ],
    "(3, 5, 1)": [
        0.1395406395901,
        0.4990009995001
    ],
    "(2, 5, 1)": [
        0.33557676126318997,
        0.3006792199
    ],
    "(2, 5, 0)": [
        0,
        0.1
    ],
    "(1, 5, 0)": [
        0.3096772427701,
        0.3203503449442399
    ],
    "(0, 5, 0)": [
        -9.76442323873681,
        0.3006792199
    ]
}