{
    "(3, 3, 1)": [
        0.738896996259417,
        0.7012933832949934
    ],
    "(2, 3, 1)": [
        0.6260925498369628,
        0.5678616215548798
    ],
    "(2, 3, 0)": [
        0,
        0.19990000000000002
    ],
    "(1, 3, 0)": [
        0.9010705276188884,
        0.6456886499329424
    ],
    "(0, 3, 0)": [
        -9.302794406994401,
        -7.580015320250974
    ],
    "(4, 0, 0)": [
        0,
        0.2997001
    ],
    "(3, 4, 1)": [
        0.721992059083251,
        0.6707148607460826
    ],
    "(2, 4, 1)": [
        0.5551406867824732,
        0.610787345502904
    ],
    "(2, 4, 0)": [
        0.1099,
        0.1
    ],
    "(1, 4, 0)": [
        0.6438190009632674,
        0.613798632152469
    ],
    "(0, 4, 0)": [
        0.4093675655273299,
        -9.769780313102794
    ]
}