{
    "(3, 0, 3, 1)": [
        45.97027997872762,
        45.9854807906506
    ],
    "(2, 0, 3, 1)": [
        45.49859512138658,
        45.48320877657324
    ],
    "(2, 0, 3, 0)": [
        10.742731110611276,
        12.9286996067033
    ],
    "(1, 0, 3, 0)": [
        45.58400361069291,
        45.61254874985339
    ],
    "(0, 0, 3, 0)": [
        -43.11998255059124,
        -66.56287121492954
    ],
    "(4, 0, 0, 0)": [
        0,
        31.695233018468354
    ],
    "(3, 0, 4, 1)": [
        39.518357364903835,
        39.487449112976826
    ],
    "(2, 0, 4, 1)": [
        38.88808439449848,
        38.90951507241949
    ],
    "(2, 0, 4, 0)": [
        10.26779252537673,
        10.618388853894135
    ],
    "(1, 0, 4, 0)": [
        39.18115346865505,
        39.21315943599674
    ],
    "(0, 0, 4, 0)": [
        -30.37977701958357,
        -54.486580934521854
    ],
    "(3, 0, 2, 1)": [
        4.685900055440562,
        4.712705394566669
    ],
    "(2, 0, 2, 1)": [
        4.606340440963366,
        4.580716654590311
    ],
    "(2, 0, 2, 0)": [
        0.20835713023756927,
        1.3909363000999002
    ],
    "(1, 0, 2, 0)": [
        4.721238567744784,
        4.684953762838548
    ],
    "(0, 0, 2, 0)": [
        -22.041155574521035,
        2.1780139542323753
    ],
    "(3, 0, 5, 1)": [
        5.250570216343005,
        5.200689476275714
    ],
    "(2, 0, 5, 1)": [
        5.266074029775679,
        5.210926989833043
    ],
    "(2, 0, 5, 0)": [
        0.3791797914441304,
        1.4895453637998004
    ],
    "(1, 0, 5, 0)": [
        5.251301469843301,
        5.224659421327561
    ],
    "(0, 0, 5, 0)": [
        -18.45368723166731,
        2.0818361760407296
    ]
}