{
    "(3, -16, 4, 16)": [
        0,
        30.384373192795685
    ],
    "(3, -15, 4, 16)": [
        0,
        0.7972055930055972
    ],
    "(3, -16, 4, 15)": [
        0,
        30.03524838292874
    ],
    "(3, -15, 4, 15)": [
        0,
        1.2922285286285287
    ],
    "(3, -14, 4, 14)": [
        0,
        0.19990000000000002
    ],
    "(3, -13, 4, 13)": [
        0,
        0.19990000000000002
    ],
    "(3, -16, 4, 13)": [
        0,
        16.145586102994248
    ],
    "(2, -15, 4, 12)": [
        0,
        1.4895453637998004
    ],
    "(2, -16, 4, 12)": [
        0,
        29.75468832719656
    ],
    "(2, -15, 4, 11)": [
        0,
        0.7972055930055972
    ],
    "(2, -16, 4, 11)": [
        0,
        30.244932813489854
    ],
    "(2, -16, 4, 10)": [
        0,
        16.145586102994248
    ],
    "(2, -16, 4, 9)": [
        0,
        0.19990000000000002
    ],
    "(1, -15, 4, 9)": [
        0,
        1.5880558184360005
    ],
    "(1, -16, 4, 8)": [
        0,
        29.61398668658304
    ],
    "(1, -15, 4, 7)": [
        0,
        1.3909363000999002
    ],
    "(1, -16, 4, 7)": [
        0,
        29.965213596525263
    ],
    "(1, -16, 4, 6)": [
        0,
        0.7972055930055972
    ],
    "(0, -15, 4, 6)": [
        0,
        0.6979034965020994
    ],
    "(0, -14, 4, 5)": [
        0,
        0.1
    ],
    "(0, -13, 4, 4)": [
        0,
        0.19990000000000002
    ],
    "(0, -12, 4, 4)": [
        0,
        0.1
    ],
    "(0, -11, 4, 3)": [
        0,
        0.1
    ],
    "(0, -9, 4, 3)": [
        0,
        0.1
    ],
    "(0, -16, 4, 2)": [
        0,
        -8.81009
    ],
    "(4, 0, 0, 0)": [
        0,
        32.779950844787706
    ],
    "(3, -16, 3, 16)": [
        0,
        29.331737363008514
    ],
    "(3, -15, 3, 16)": [
        0,
        0.2997001
    ],
    "(3, -16, 3, 15)": [
        0,
        28.835074862188634
    ],
    "(3, -15, 3, 14)": [
        0,
        0.2997001
    ],
    "(3, -16, 3, 13)": [
        0,
        15.89351889501613
    ],
    "(2, -15, 3, 13)": [
        0,
        0.5985019985005999
    ],
    "(2, -16, 3, 12)": [
        0,
        28.835074862188634
    ],
    "(2, -16, 3, 11)": [
        0,
        28.692531232121645
    ],
    "(2, -15, 3, 11)": [
        0,
        1.0945164670461538
    ],
    "(2, -14, 3, 10)": [
        0,
        0.1
    ],
    "(2, -16, 3, 9)": [
        0,
        0.1
    ],
    "(1, -16, 3, 9)": [
        0,
        29.190188549919807
    ],
    "(1, -15, 3, 8)": [
        0,
        1.3909363000999002
    ],
    "(1, -16, 3, 8)": [
        0,
        28.549702086592742
    ],
    "(1, -15, 3, 7)": [
        0,
        0.2997001
    ],
    "(1, -14, 3, 7)": [
        0,
        0.1
    ],
    "(1, -13, 3, 6)": [
        0,
        0.1
    ],
    "(0, -16, 3, 6)": [
        0,
        28.906239787326445
    ],
    "(0, -15, 3, 5)": [
        0,
        0.6979034965020994
    ],
    "(0, -16, 3, 4)": [
        0,
        29.119307857777585
    ],
    "(0, -15, 3, 4)": [
        0,
        0.4990009995001
    ],
    "(0, -16, 3, 3)": [
        0,
        -93.35262887514511
    ],
    "(3, -12, 4, 13)": [
        0,
        0.1
    ],
    "(2, -11, 4, 12)": [
        0,
        0.1
    ],
    "(2, -9, 4, 12)": [
        0,
        0.1
    ],
    "(2, -8, 4, 11)": [
        0,
        0.1
    ],
    "(2, -7, 4, 11)": [
        0,
        0.1
    ],
    "(2, -15, 4, 9)": [
        0,
        0.1
    ],
    "(2, -16, 4, 8)": [
        0,
        0.1
    ],
    "(1, -15, 4, 8)": [
        0,
        1.6864677626175646
    ],
    "(1, -16, 4, 5)": [
        0,
        0.1
    ],
    "(0, -15, 4, 4)": [
        0,
        1.8829965135600921
    ],
    "(0, -16, 4, 4)": [
        0,
        29.119307857777585
    ],
    "(0, -15, 4, 3)": [
        0,
        -86.48544787486655
    ],
    "(0, -16, 4, 3)": [
        0,
        -90.85625610165872
    ],
    "(0, -15, 4, 2)": [
        0,
        -10.0
    ],
    "(3, -16, 4, 14)": [
        0,
        16.229440516891252
    ],
    "(2, -15, 4, 13)": [
        0,
        0.4990009995001
    ],
    "(2, -15, 4, 10)": [
        0,
        0.8964083874125917
    ],
    "(1, -16, 4, 9)": [
        0,
        29.54353021679984
    ],
    "(1, -14, 4, 8)": [
        0,
        0.1
    ],
    "(1, -14, 4, 6)": [
        0,
        0.1
    ],
    "(0, -16, 4, 6)": [
        0,
        29.75468832719656
    ],
    "(0, -15, 4, 5)": [
        0,
        0.39940039990000004
    ],
    "(0, -14, 4, 4)": [
        0,
        0.19990000000000002
    ],
    "(2, -16, 4, 13)": [
        0,
        16.313211076374362
    ],
    "(0, -16, 4, 5)": [
        0,
        16.313211076374362
    ],
    "(3, -15, 4, 13)": [
        0,
        0.7972055930055972
    ],
    "(3, -16, 3, 14)": [
        0,
        15.80932822323937
    ],
    "(3, -15, 3, 13)": [
        0,
        0.19990000000000002
    ],
    "(2, -16, 3, 13)": [
        0,
        15.55625022070708
    ],
    "(2, -14, 3, 11)": [
        0,
        0.1
    ],
    "(2, -16, 3, 10)": [
        0,
        15.80932822323937
    ],
    "(1, -16, 3, 7)": [
        0,
        29.260998361369886
    ],
    "(1, -16, 3, 6)": [
        0,
        0.1
    ],
    "(0, -15, 3, 6)": [
        0,
        0.6979034965020994
    ],
    "(0, -16, 3, 5)": [
        0,
        15.47172194264973
    ],
    "(0, -15, 3, 3)": [
        0,
        -57.70747387487259
    ],
    "(3, -15, 4, 14)": [
        0,
        0.5985019985005999
    ],
    "(0, -14, 4, 3)": [
        0,
        -27.1
    ],
    "(0, -14, 3, 4)": [
        0,
        0.1
    ],
    "(3, -15, 3, 15)": [
        0,
        0.9955119790251791
    ],
    "(3, -16, 2, 16)": [
        0,
        3.730536268419389
    ],
    "(3, -16, 2, 15)": [
        0,
        3.634170438858247
    ],
    "(3, -16, 2, 14)": [
        0,
        1.8829965135600921
    ],
    "(3, -16, 2, 13)": [
        0,
        1.8829965135600921
    ],
    "(2, -16, 2, 13)": [
        0,
        1.784781294854947
    ],
    "(2, -16, 2, 12)": [
        0,
        3.634170438858247
    ],
    "(2, -16, 2, 11)": [
        0,
        3.730536268419389
    ],
    "(2, -16, 2, 10)": [
        0,
        1.8829965135600921
    ],
    "(1, -16, 2, 9)": [
        0,
        3.5377081470052523
    ],
    "(1, -15, 2, 9)": [
        0,
        0.19990000000000002
    ],
    "(1, -16, 2, 8)": [
        0,
        3.5377081470052523
    ],
    "(1, -16, 2, 7)": [
        0,
        3.730536268419389
    ],
    "(0, -16, 2, 6)": [
        0,
        3.730536268419389
    ],
    "(0, -16, 2, 5)": [
        0,
        1.784781294854947
    ],
    "(0, -16, 2, 4)": [
        0,
        3.5377081470052523
    ],
    "(0, -16, 2, 3)": [
        0,
        -86.49148282327009
    ],
    "(2, -15, 3, 12)": [
        0,
        0.9955119790251791
    ],
    "(2, -15, 3, 10)": [
        0,
        0.19990000000000002
    ],
    "(3, -16, 5, 16)": [
        0,
        3.634170438858247
    ],
    "(3, -16, 5, 15)": [
        0,
        3.634170438858247
    ],
    "(3, -16, 5, 14)": [
        0,
        1.8829965135600921
    ],
    "(3, -16, 5, 13)": [
        0,
        1.784781294854947
    ],
    "(2, -16, 5, 13)": [
        0,
        1.5880558184360005
    ],
    "(2, -16, 5, 12)": [
        0,
        3.634170438858247
    ],
    "(2, -15, 5, 11)": [
        0,
        0.19990000000000002
    ],
    "(2, -14, 5, 11)": [
        0,
        0.1
    ],
    "(2, -16, 5, 10)": [
        0,
        1.8829965135600921
    ],
    "(1, -16, 5, 9)": [
        0,
        3.4411492963015538
    ],
    "(1, -15, 5, 9)": [
        0,
        0.2997001
    ],
    "(1, -16, 5, 8)": [
        0,
        3.634170438858247
    ],
    "(1, -16, 5, 7)": [
        0,
        3.730536268419389
    ],
    "(1, -16, 5, 6)": [
        0,
        0.1
    ],
    "(0, -16, 5, 6)": [
        0,
        3.5377081470052523
    ],