{
    "(3, 4, 1)": [
        0.6430250446514284,
        0.6153644137385582
    ],
    "(2, 4, 1)": [
        0.7972055930055972,
        0.5084657312361822
    ],
    "(2, 4, 0)": [
        0.1,
        0.1099
    ],
    "(1, 4, 0)": [
        0.7151049106429687,
        0.6738372183777843
    ],
    "(0, 4, 0)": [
        -8.656012857226294,
        0.4021505528542399
    ],
    "(4, 0, 0)": [
        0,
        0.2997001
    ],
    "(3, 3, 1)": [
        0.5781451486442866,
        0.7030544841402864
    ],
    "(2, 3, 1)": [
        0.7474585977582827,
        0.5057796467956933
    ],
    "(2, 3, 0)": [
        0.20979009999999998,
        0.1
    ],
    "(1, 3, 0)": [
        0.5323143059633529,
        0.7972055930055972
    ],
    "(0, 3, 0)": [
        -15.98709843147022,
        0.43690667458159993
    ]
}