{
    "(393.1, 201.6, 449.6622295117998, 167.20000000000002)": [
        0,
        0
    ],
    "(377.70000000000005, 201.6, 449.6622295117998, 161.6)": [
        0,
        0
    ],
    "(363.40000000000003, 201.6, 449.6622295117998, 155.99999999999997)": [
        0,
        0
    ],
    "(350.20000000000005, 201.6, 449.6622295117998, 150.39999999999995)": [
        0,
        0
    ],
    "(338.1, 201.6, 449.6622295117998, 144.79999999999993)": [
        0,
        0
    ],
    "(327.1, 201.6, 449.6622295117998, 139.1999999999999)": [
        0,
        0
    ],
    "(317.20000000000005, 201.6, 449.6622295117998, 133.59999999999988)": [
        0,
        0
    ],
    "(308.40000000000003, 201.6, 449.6622295117998, 127.99999999999986)": [
        0,
        0
    ],
    "(300.70000000000005, 201.6, 449.6622295117998, 122.39999999999984)": [
        0,
        0
    ],
    "(294.1, 201.6, 449.6622295117998, 116.79999999999981)": [
        0,
        0
    ],
    "(277.6, 201.6, 449.6622295117998, 111.19999999999979)": [
        0,
        0
    ],
    "(262.20000000000005, 201.6, 449.6622295117998, 105.59999999999977)": [
        0,
        0
    ],
    "(247.90000000000003, 201.6, 449.6622295117998, 99.99999999999974)": [
        0,
        0
    ],
    "(234.70000000000005, 201.6, 449.6622295117998, 94.39999999999972)": [
        0,
        0
    ],
    "(222.60000000000005, 201.6, 449.6622295117998, 88.7999999999997)": [
        0,
        0
    ],
    "(211.60000000000005, 201.6, 449.6622295117998, 83.19999999999968)": [
        0,
        0
    ],
    "(201.70000000000005, 201.6, 449.6622295117998, 77.59999999999965)": [
        0,
        0
    ],
    "(192.90000000000003, 201.6, 449.6622295117998, 71.99999999999963)": [
        0,
        0
    ],
    "(185.20000000000005, 201.6, 449.6622295117998, 66.39999999999961)": [
        0,
        0
    ],
    "(178.60000000000005, 201.6, 449.6622295117998, 60.799999999999585)": [
        0,
        0
    ],
    "(173.10000000000005, 201.6, 449.6622295117998, 55.19999999999956)": [
        0,
        0
    ],
    "(168.70000000000005, 201.6, 449.6622295117998, 49.59999999999957)": [
        0,
        0
    ],
    "(165.40000000000003, 201.6, 449.6622295117998, 43.999999999999574)": [
        0,
        0
    ],
    "(163.20000000000002, 201.6, 449.6622295117998, 38.39999999999958)": [
        0,
        0
    ],
    "(162.10000000000002, 201.6, 449.6622295117998, 32.799999999999585)": [
        0,
        0
    ],
    "(162.10000000000002, 201.6, 449.6622295117998, 27.19999999999959)": [
        0,
        0
    ],
    "(163.20000000000002, 201.6, 449.6622295117998, 21.599999999999596)": [
        0,
        0
    ],
    "(411.19829387938347, 201.6, None, None)": [
        0,
        0
    ],
    "(393.1, 201.6, 308.7522483549941, 167.20000000000002)": [
        0,
        0
    ],
    "(377.70000000000005, 201.6, 308.7522483549941, 161.6)": [
        0,
        0
    ],
    "(363.40000000000003, 201.6, 308.7522483549941, 155.99999999999997)": [
        0,
        0
    ],
    "(350.20000000000005, 201.6, 308.7522483549941, 150.39999999999995)": [
        0,
        0
    ],
    "(338.1, 201.6, 308.7522483549941, 144.79999999999993)": [
        0,
        0
    ],
    "(327.1, 201.6, 308.7522483549941, 139.1999999999999)": [
        0,
        0
    ],
    "(317.20000000000005, 201.6, 308.7522483549941, 133.59999999999988)": [
        0,
        0
    ],
    "(308.40000000000003, 201.6, 308.7522483549941, 127.99999999999986)": [
        0,
        0
    ],
    "(300.70000000000005, 201.6, 308.7522483549941, 122.39999999999984)": [
        0,
        0
    ],
    "(294.1, 201.6, 308.7522483549941, 116.79999999999981)": [
        0,
        0
    ],
    "(288.6, 201.6, 308.7522483549941, 111.19999999999979)": [
        0,
        0
    ],
    "(284.20000000000005, 201.6, 308.7522483549941, 105.59999999999977)": [
        0,
        0
    ],
    "(280.90000000000003, 201.6, 308.7522483549941, 99.99999999999974)": [
        0,
        0
    ],
    "(278.70000000000005, 201.6, 308.7522483549941, 94.39999999999972)": [
        0,
        0
    ],
    "(277.6, 201.6, 308.7522483549941, 88.7999999999997)": [
        0,
        0
    ],
    "(277.6, 201.6, 308.7522483549941, 83.19999999999968)": [
        0,
        0
    ],
    "(278.70000000000005, 201.6, 308.7522483549941, 77.59999999999965)": [
        0,
        0
    ],
    "(280.90000000000003, 201.6, 308.7522483549941, 71.99999999999963)": [
        0,
        0
    ],
    "(284.20000000000005, 201.6, 308.7522483549941, 66.39999999999961)": [
        0,
        0
    ],
    "(288.6, 201.6, 308.7522483549941, 60.799999999999585)": [
        0,
        0
    ],
    "(294.1, 201.6, 308.7522483549941, 55.19999999999956)": [
        0,
        0
    ],
    "(300.70000000000005, 201.6, 308.7522483549941, 49.59999999999957)": [
        0,
        0
    ],
    "(308.40000000000003, 201.6, 308.7522483549941, 43.999999999999574)": [
        0,
        0
    ],
    "(317.20000000000005, 201.6, 308.7522483549941, 38.39999999999958)": [
        0,
        0
    ],
    "(327.1, 201.6, 308.7522483549941, 32.799999999999585)": [
        0,
        0
    ],
    "(338.1, 201.6, 308.7522483549941, 27.19999999999959)": [
        0,
        0
    ],
    "(350.20000000000005, 201.6, 308.7522483549941, 21.599999999999596)": [
        0,
        0
    ],
    "(363.40000000000003, 201.6, 308.7522483549941, 15.999999999999602)": [
        0,
        0
    ],
    "(377.70000000000005, 201.6, 308.7522483549941, 10.399999999999608)": [
        0,
        0
    ],
    "(393.1, 201.6, 308.7522483549941, 4.7999999999996135)": [
        0,
        0
    ],
    "(409.6, 201.6, 308.7522483549941, -0.8000000000003809)": [
        0,
        0
    ],
    "(427.20000000000005, 201.6, 308.7522483549941, -6.400000000000375)": [
        0,
        0
    ],
    "(445.90000000000003, 201.6, 308.7522483549941, -12.00000000000037)": [
        0,
        0
    ],
    "(393.1, 201.6, 445.47935360738654, 167.20000000000002)": [
        0,
        0
    ],
    "(377.70000000000005, 201.6, 445.47935360738654, 161.6)": [
        0,
        0
    ],
    "(363.40000000000003, 201.6, 445.47935360738654, 155.99999999999997)": [
        0,
        0
    ],
    "(350.20000000000005, 201.6, 445.47935360738654, 150.39999999999995)": [
        0,
        0
    ],
    "(338.1, 201.6, 445.47935360738654, 144.79999999999993)": [
        0,
        0
    ],
    "(327.1, 201.6, 445.47935360738654, 139.1999999999999)": [
        0,
        0
    ],
    "(317.20000000000005, 201.6, 445.47935360738654, 133.59999999999988)": [
        0,
        0
    ],
    "(308.40000000000003, 201.6, 445.47935360738654, 127.99999999999986)": [
        0,
        0
    ],
    "(300.70000000000005, 201.6, 445.47935360738654, 122.39999999999984)": [
        0,
        0
    ],
    "(294.1, 201.6, 445.47935360738654, 116.79999999999981)": [
        0,
        0
    ],
    "(288.6, 201.6, 445.47935360738654, 111.19999999999979)": [
        0,
        0
    ],
    "(284.20000000000005, 201.6, 445.47935360738654, 105.59999999999977)": [
        0,
        0
    ],
    "(280.90000000000003, 201.6, 445.47935360738654, 99.99999999999974)": [
        0,
        0
    ],
    "(278.70000000000005, 201.6, 445.47935360738654, 94.39999999999972)": [
        0,
        0
    ],
    "(277.6, 201.6, 445.47935360738654, 88.7999999999997)": [
        0,
        0
    ],
    "(277.6, 201.6, 445.47935360738654, 83.19999999999968)": [
        0,
        0
    ],
    "(278.70000000000005, 201.6, 445.47935360738654, 77.59999999999965)": [
        0,
        0
    ],
    "(280.90000000000003, 201.6, 445.47935360738654, 71.99999999999963)": [
        0,
        0
    ],
    "(284.20000000000005, 201.6, 445.47935360738654, 66.39999999999961)": [
        0,
        0
    ],